,River,Reach,RS,WQ Cell Length (m),GConstituent[1] (),GConstituent[2] (),GConstituent[3] (),GConstituent[4] (),GConstituent[5] (),GConstituent[6] (),NH4 (),NO3 (),TIP (),OrgP (),DO (),Alk (),CBOD[1] (),Suspended Solid[1] (),Water Temperature ()
1,RioRancheria    ,TramoPrincipal  ,655016          US Boundary,0,76.81,25,0.03,0.482,0.1,0.001,1,0.271,0.071,0.0926,7.435,40.7,2,41.5,24.8
2,RioRancheria    ,TramoPrincipal  ,655016          652887,648.9999,75.98147,24.74207,4.71E-02,0.4940894,0.1162965,1.84E-02,0.9991277,2.72E-01,7.11E-02,9.25E-02,7.430882,40.69638,1.99833,41.04295,24.85247
3,RioRancheria    ,TramoPrincipal  ,652887          649606,1000,73.70916,24.03573,9.55E-02,0.528822,0.1625755,6.77E-02,0.9864996,2.71E-01,7.03E-02,9.13E-02,7.33817,40.17419,1.973168,39.78859,24.63861
4,RioRancheria    ,TramoPrincipal  ,649606          646325,1000,71.45047,23.34322,0.1577666,0.5774875,0.2227855,0.1308391,0.9813032,2.73E-01,7.04E-02,9.08E-02,7.303662,40.10331,1.962926,38.53409,24.74071
5,RioRancheria    ,TramoPrincipal  ,646325          643045,1000,69.17845,22.64492,0.2179357,0.6237938,0.2807159,0.1918892,0.9778876,2.75E-01,7.07E-02,9.05E-02,7.284817,40.07246,1.956288,37.27353,24.87509
6,RioRancheria    ,TramoPrincipal  ,643045          639764,1000,67.0444,21.99669,0.2858056,0.6792206,0.3469319,0.2605908,0.9750158,2.78E-01,7.09E-02,9.02E-02,7.267299,40.05103,1.950759,36.08337,25.02687
7,RioRancheria    ,TramoPrincipal  ,639764          636483,1000,65.13708,21.41624,0.3448386,0.7246534,0.403179,0.3203664,0.9724064,2.81E-01,7.11E-02,8.99E-02,7.25176,40.03228,1.945761,35.02055,25.16354
8,RioRancheria    ,TramoPrincipal  ,636483          633202,1000,63.42184,20.8981,0.4036483,0.7807518,0.4630503,0.3798462,0.9700227,2.83E-01,7.13E-02,8.96E-02,7.236116,40.01519,1.94122,34.06167,25.29703
9,RioRancheria    ,TramoPrincipal  ,633202          629921,999.9997,61.94458,20.4254,0.4150861,0.7824948,0.4720877,0.3918462,0.9676589,2.86E-01,7.15E-02,8.94E-02,7.229572,39.99818,1.936726,33.25702,25.35843
10,RioRancheria    ,TramoPrincipal  ,629921          626640,1000,60.39323,19.95279,0.4623857,0.8158204,0.5179804,0.43975,0.9653355,2.88E-01,7.16E-02,8.92E-02,7.215788,39.98142,1.932326,32.39294,25.47367
11,RioRancheria    ,TramoPrincipal  ,626640          623360,1000,58.79253,19.46608,0.5125806,0.8555571,0.5666744,0.4905657,0.9628817,2.90E-01,7.18E-02,8.89E-02,7.200827,39.96371,1.927695,31.50063,25.59675
12,RioRancheria    ,TramoPrincipal  ,623360          620079,1000,57.08606,18.9432,0.5600678,0.8926557,0.6121971,0.5387231,0.9601198,2.93E-01,7.20E-02,8.87E-02,7.185253,39.94382,1.922505,30.55257,25.72083
13,RioRancheria    ,TramoPrincipal  ,620079          616798,1000,55.32259,18.40774,0.6168113,0.9383144,0.6664523,0.5961505,0.9573199,0.2960218,7.23E-02,8.84E-02,7.167819,39.92374,1.917263,29.56893,25.86659
14,RioRancheria    ,TramoPrincipal  ,616798          613517,1000,53.44476,17.82596,0.6580654,0.9699408,0.7054288,0.6380183,0.9536294,2.99E-01,7.25E-02,0.0880239,7.148575,39.89757,1.910385,28.53079,25.97939
15,RioRancheria    ,TramoPrincipal  ,613517          610236,1000,52.14829,17.4291,0.69974,0.9983705,0.7449138,0.6806285,0.9525571,3.03E-01,7.28E-02,8.79E-02,7.143472,39.88978,1.908397,27.81019,26.12936
16,RioRancheria    ,TramoPrincipal  ,610236          608141,638.5999,50.31715,16.83425,0.6978931,0.9890249,0.7418497,0.6793599,0.9388129,3.01E-01,7.21E-02,8.67E-02,7.052194,39.42932,1.881345,26.81993,25.8723
17,RioRancheria    ,TramoPrincipal  ,608141          606955,361.4001,49.62224,16.6099,0.6996498,0.986965,0.7432724,0.6812906,0.9367178,0.3018188,7.21E-02,8.65E-02,7.0433,39.38963,1.877353,26.443,25.89797
18,RioRancheria    ,TramoPrincipal  ,606955          603675,1000,48.8399,16.35879,0.7052389,0.9886837,0.748375,0.6871008,0.9350498,3.03E-01,7.22E-02,8.63E-02,7.0383,39.37582,1.874267,26.01749,25.94507
19,RioRancheria    ,TramoPrincipal  ,603675          600394,1000,48.34227,16.21014,0.7177299,0.9909437,0.759788,0.6998595,0.9338284,3.06E-01,7.24E-02,8.62E-02,7.032739,39.35267,1.871956,25.73796,26.0476
20,RioRancheria    ,TramoPrincipal  ,600394          597113,1000,42.88121,14.39737,0.6599803,0.9007267,0.6974875,0.6440691,0.8463366,2.78E-01,6.54E-02,7.81E-02,6.33975,35.4806,1.69571,22.81566,23.64243
21,RioRancheria    ,TramoPrincipal  ,597113          593832,1000,40.98488,13.78079,0.6681947,0.9053665,0.7055514,0.6526203,0.8377601,0.2799426,6.56E-02,7.73E-02,6.348377,35.42185,1.679171,21.79058,23.7733
22,RioRancheria    ,TramoPrincipal  ,593832          591176,809.6,39.66299,13.35318,0.6730615,0.9035493,0.7091277,0.6585355,0.8338503,2.83E-01,6.58E-02,7.70E-02,6.357857,35.39389,1.671949,21.07426,23.97922
23,RioRancheria    ,TramoPrincipal  ,591176          590042,345.3999,38.72058,13.0454,0.672524,0.8961821,0.7078992,0.6583524,0.8313089,0.2848584,6.59E-02,7.68E-02,6.364184,35.3754,1.667516,20.56591,24.17575
24,RioRancheria    ,TramoPrincipal  ,590042          587270,845.0001,37.8102,12.76075,0.6870675,0.9064802,0.7216389,0.6732241,0.8289204,2.87E-01,6.61E-02,7.66E-02,6.367428,35.35809,1.663467,20.06469,24.41694
25,RioRancheria    ,TramoPrincipal  ,587270          583990,1000,36.4281,12.32488,0.7268584,0.9334813,0.7590216,0.7137059,0.8248579,2.91E-01,6.63E-02,7.63E-02,6.36722,35.32904,1.656917,19.30677,24.85163
26,RioRancheria    ,TramoPrincipal  ,583990          580709,1000,32.9272,11.17578,0.6974058,0.8861627,0.7266198,0.6852109,0.8130959,3.03E-01,6.71E-02,7.55E-02,6.333508,35.24556,1.638824,17.42297,26.07021
27,RioRancheria    ,TramoPrincipal  ,580709          577428,1000,27.13701,9.234894,0.6106192,0.7663502,0.6345009,0.6006095,0.7882015,3.26E-01,6.85E-02,7.39E-02,6.213633,35.06743,1.603954,14.33966,28.54252
28,RioRancheria    ,TramoPrincipal  ,577428          574147,1000,23.0006,7.840392,0.5250748,0.6604625,0.5457585,0.5164914,0.7683988,3.45E-01,6.96E-02,7.27E-02,6.16346,34.92528,1.575689,12.14338,30.13894
29,RioRancheria    ,TramoPrincipal  ,574147          571715,741.0999,21.34346,7.269911,0.4914424,0.6133585,0.5101988,0.483703,0.7606571,0.3528357,7.01E-02,7.22E-02,6.158593,34.86979,1.563535,11.27296,30.55799
30,RioRancheria    ,TramoPrincipal  ,571715          567585,1258.9,20.55202,7.034177,0.5180722,0.6367955,0.5363816,0.5105245,0.7572892,3.56E-01,7.04E-02,7.19E-02,6.151156,34.8457,1.557678,10.82785,30.72383
31,RioRancheria    ,TramoPrincipal  ,567585          564304,1000,19.85645,6.836599,0.5591494,0.6739936,0.5769219,0.5518284,0.754603,3.59E-01,7.06E-02,7.16E-02,6.151441,34.82661,1.552495,10.42895,30.84101
32,RioRancheria    ,TramoPrincipal  ,564304          562735,478.2001,19.39905,6.695667,0.5719938,0.683104,0.5892528,0.5648844,0.7530438,3.61E-01,7.07E-02,0.0714654,6.163663,34.81543,1.549038,10.17545,30.87522
33,RioRancheria    ,TramoPrincipal  ,562735          561024,521.7999,19.08069,6.587913,0.5653335,0.6749105,0.5823832,0.5583094,0.7521025,3.62E-01,7.08E-02,7.14E-02,6.179432,34.80973,1.546655,10.00676,30.86967
34,RioRancheria    ,TramoPrincipal  ,561024          557743,1000,18.66077,6.444391,0.5545757,0.6604356,0.571103,0.5477639,0.7507784,3.63E-01,7.10E-02,7.12E-02,6.201427,34.78916,1.542952,9.785366,30.8466
35,RioRancheria    ,TramoPrincipal  ,557743          554462,1000,18.21061,6.303862,0.5639734,0.6676809,0.5801969,0.5572843,0.7499675,3.64E-01,7.11E-02,7.10E-02,6.231539,34.78162,1.539504,9.537351,30.77481
36,RioRancheria    ,TramoPrincipal  ,554462          551181,1000,17.74873,6.159932,0.5738694,0.6751335,0.5897426,0.5673363,0.7495533,0.3648164,0.0712378,0.0708107,6.274275,34.77929,1.535691,9.282669,30.52345
37,RioRancheria    ,TramoPrincipal  ,551181          547900,1000,17.40005,6.061035,0.5950773,0.6932919,0.6101972,0.5888436,0.7495495,3.65E-01,7.14E-02,7.07E-02,6.31802,34.77939,1.533747,9.082596,30.24682
38,RioRancheria    ,TramoPrincipal  ,547900          544619,1000,17.15249,5.989666,0.612128,0.7088079,0.6275154,0.6056398,0.7487741,3.65E-01,7.14E-02,7.05E-02,6.337884,34.7405,1.529935,8.941461,29.99571
39,RioRancheria    ,TramoPrincipal  ,544619          541339,1000,16.90259,5.909801,0.6109163,0.7066631,0.626143,0.6046609,0.74871,3.65E-01,7.15E-02,7.04E-02,6.371371,34.73844,1.527636,8.805264,29.74055
40,RioRancheria    ,TramoPrincipal  ,541339          538058,1000,16.54609,5.791547,0.6112168,0.7067224,0.6263508,0.6050576,0.7482103,3.65E-01,7.15E-02,7.02E-02,6.416621,34.73303,1.523883,8.614429,29.37602
41,RioRancheria    ,TramoPrincipal  ,538058          534777,1000,16.20004,5.693236,0.6277913,0.7202972,0.6414644,0.6221664,0.748035,3.66E-01,7.18E-02,7.01E-02,6.469416,34.73141,1.522537,8.415986,29.12165
42,RioRancheria    ,TramoPrincipal  ,534777          533265,460.9,15.94096,5.616551,0.6407757,0.730792,0.6542621,0.6350903,0.7465017,3.66E-01,7.17E-02,6.99E-02,6.473087,34.68541,1.517274,8.269889,28.92834
43,RioRancheria    ,TramoPrincipal  ,533265          532271,302.8999,15.81754,5.57822,0.6397448,0.7290809,0.6532901,0.6340432,0.7454291,3.65E-01,7.16E-02,6.97E-02,6.471205,34.64922,1.514719,8.201734,28.85235
44,RioRancheria    ,TramoPrincipal  ,532271          528215,1236.3,15.55228,5.502885,0.6580628,0.7458768,0.6716352,0.6524133,0.7441871,3.66E-01,7.17E-02,6.96E-02,6.486871,34.627,1.511477,8.049602,28.74986
45,RioRancheria    ,TramoPrincipal  ,528215          524934,1000,15.1092,5.366274,0.6698318,0.7550421,0.6830497,0.6643559,0.7421526,3.68E-01,7.19E-02,6.93E-02,6.514965,34.6088,1.506805,7.804122,28.70175
46,RioRancheria    ,TramoPrincipal  ,524934          521654,1000,14.67123,5.264741,0.7306441,0.8128773,0.7433727,0.7253621,0.7399954,3.70E-01,7.21E-02,6.91E-02,6.517323,34.59269,1.502206,7.534633,28.74185
47,RioRancheria    ,TramoPrincipal  ,521654          518373,1000,14.22004,5.16937,0.8068821,0.8858693,0.8191213,0.801798,0.7375874,3.72E-01,7.23E-02,0.0688197,6.514475,34.575,1.497318,7.249616,28.858
48,RioRancheria    ,TramoPrincipal  ,518373          515092,1000,13.78194,5.045569,0.8346245,0.9110462,0.8464394,0.8297167,0.7350556,3.75E-01,7.25E-02,6.86E-02,6.516485,34.55671,1.492445,6.997866,28.97217
49,RioRancheria    ,TramoPrincipal  ,515092          512128,903.5001,13.42875,4.947257,0.8592098,0.9327438,0.870679,0.8544458,0.7328458,3.77E-01,7.27E-02,6.84E-02,6.515404,34.54093,1.488374,6.793706,29.09738
50,RioRancheria    ,TramoPrincipal  ,512128          508530,1096.5,13.04818,4.83466,0.8756988,0.9520016,0.8867939,0.8710893,0.7303291,3.80E-01,7.28E-02,6.82E-02,6.512826,34.52302,1.483874,6.579056,29.2459
51,RioRancheria    ,TramoPrincipal  ,508530          505249,1000,12.4632,4.647995,0.8823316,0.9517174,0.8929605,0.8779127,0.7261256,3.84E-01,7.31E-02,6.78E-02,6.508136,34.49305,1.476604,6.260009,29.48268
52,RioRancheria    ,TramoPrincipal  ,505249          501969,1000,11.79725,4.439797,0.8891048,0.9516734,0.8987806,0.88508,0.7212906,3.89E-01,7.35E-02,6.74E-02,6.49775,34.458,1.468395,5.893343,29.82421
53,RioRancheria    ,TramoPrincipal  ,501969          500395,479.7,11.30779,4.27337,0.8829373,0.9440174,0.8924094,0.8789972,0.7169269,0.3926814,7.37E-02,6.71E-02,6.486974,34.42701,1.461247,5.634594,30.03413
54,RioRancheria    ,TramoPrincipal  ,500395          498688,520.3,11.09668,4.204199,0.881166,0.9418355,0.8905748,0.8772523,0.7162454,3.96E-01,7.40E-02,6.70E-02,6.48479,34.42084,1.460131,5.520905,30.25162
55,RioRancheria    ,TramoPrincipal  ,498688          495407,1000,9.65443,3.672823,0.773994,0.8238707,0.781741,0.7707725,0.6341835,3.51E-01,6.51E-02,5.91E-02,5.706796,30.23473,1.285455,4.79129,26.81159
56,RioRancheria    ,TramoPrincipal  ,495407          492126,1000,9.123199,3.500192,0.7883341,0.8369567,0.795894,0.7851912,0.6259933,0.3526455,6.52E-02,5.84E-02,5.717051,30.16907,1.273487,4.504049,26.98635
57,RioRancheria    ,TramoPrincipal  ,492126          488845,1000,8.780906,3.399366,0.8055629,0.8525978,0.8128847,0.8025196,0.6220738,3.56E-01,6.54E-02,5.82E-02,5.728763,30.14287,1.268888,4.310633,27.26335
58,RioRancheria    ,TramoPrincipal  ,488845          485564,1000,8.406489,3.288392,0.8245335,0.86817,0.8313279,0.8217119,0.6174338,3.60E-01,6.57E-02,5.80E-02,5.738427,30.11853,1.264202,4.099615,27.63645
59,RioRancheria    ,TramoPrincipal  ,485564          482283,1000,7.954752,3.137632,0.8206413,0.8614501,0.8269975,0.8180051,0.6112819,3.65E-01,6.60E-02,5.77E-02,5.75386,30.08878,1.257428,3.858532,28.10375
60,RioRancheria    ,TramoPrincipal  ,482283          479003,1000,7.51741,3.00509,0.831567,0.8708203,0.8376835,0.8290324,0.6047093,3.71E-01,6.64E-02,5.73E-02,5.75428,30.05614,1.248712,3.614384,28.64099
61,RioRancheria    ,TramoPrincipal  ,479003          475722,1000,7.112299,2.89891,0.8689194,0.9057605,0.87467,0.8665408,0.5979173,3.78E-01,6.68E-02,5.69E-02,5.749897,30.01133,1.238362,3.37494,29.20098
62,RioRancheria    ,TramoPrincipal  ,475722          472441,1000,6.685004,2.788105,0.9105233,0.9446622,0.915871,0.9083172,0.5905789,3.85E-01,6.72E-02,5.63E-02,5.734462,29.98129,1.226942,3.121437,29.84252
63,RioRancheria    ,TramoPrincipal  ,472441          470598,561.7001,6.323919,2.678314,0.9218048,0.9537612,0.9268326,0.9197348,0.582975,3.91E-01,6.75E-02,5.58E-02,5.696753,29.88341,1.214697,2.920154,30.26601
64,RioRancheria    ,TramoPrincipal  ,470598          469160,438.3,6.11129,2.614005,0.9289625,0.9596071,0.9338005,0.9269719,0.578589,3.95E-01,6.77E-02,5.55E-02,5.671032,29.84624,1.208275,2.801346,30.55429
65,RioRancheria    ,TramoPrincipal  ,469160          465879,1000,5.87149,2.539615,0.9361001,0.9645153,0.9406126,0.934242,0.5734817,4.00E-01,6.79E-02,5.51E-02,5.638179,29.80488,1.201242,2.668844,30.88696
66,RioRancheria    ,TramoPrincipal  ,465879          462598,1000,5.445926,2.400151,0.9342081,0.9596421,0.9382461,0.9325373,0.5639781,0.4093756,0.068388,0.0545634,5.57496,29.72296,1.189257,2.439586,31.50729
67,RioRancheria    ,TramoPrincipal  ,462598          459318,1000,4.962405,2.249044,0.9410527,0.9649613,0.9448259,0.9394848,0.5521181,4.21E-01,6.90E-02,5.40E-02,5.505081,29.62731,1.176441,2.173411,32.36787
68,RioRancheria    ,TramoPrincipal  ,459318          456037,1000,4.538071,2.129626,0.9687824,0.9895185,0.9720015,0.9674363,0.5391536,4.32E-01,6.95E-02,0.0533743,5.440974,29.488,1.162713,1.929417,33.09047
69,RioRancheria    ,TramoPrincipal  ,456037          452756,1000,4.127012,1.98726,0.95162,0.970425,0.9545261,0.9504023,0.526062,4.43E-01,7.01E-02,0.0528522,5.408748,29.38349,1.14909,1.714097,33.69762
70,RioRancheria    ,TramoPrincipal  ,452756          449475,1000,3.845958,1.895596,0.9527984,0.9713216,0.9556596,0.9515992,0.5158722,0.4509713,7.05E-02,5.24E-02,5.393807,29.31264,1.136922,1.562756,34.15079
71,RioRancheria    ,TramoPrincipal  ,449475          446194,1000,3.680402,1.854099,0.968686,0.9857345,0.9713207,0.9675809,0.5090296,4.56E-01,7.08E-02,5.20E-02,5.383482,29.26725,1.127456,1.463227,34.47556
72,RioRancheria    ,TramoPrincipal  ,446194          442913,1000,3.566461,1.837959,1.011736,1.02739,1.014165,1.010718,0.503684,0.4606439,7.11E-02,5.16E-02,5.368885,29.23116,1.118528,1.383145,34.74218
73,RioRancheria    ,TramoPrincipal  ,442913          439633,1000,3.43478,1.79364,1.00702,1.022097,1.009365,1.006037,0.5007589,4.67E-01,7.14E-02,5.13E-02,5.37074,29.22163,1.113198,1.311598,35.06944
74,RioRancheria    ,TramoPrincipal  ,439633          436711,890.5,3.251449,1.705754,0.9813774,0.9949065,0.9834884,0.9804946,0.4910918,4.65E-01,7.09E-02,0.0503052,5.324642,28.87335,1.091987,1.228731,34.87806
75,RioRancheria    ,TramoPrincipal  ,436711          435638,327.2001,3.184184,1.692649,0.9913811,1.004509,0.9934307,0.9905251,0.4900046,0.466726,7.09E-02,5.00E-02,5.327268,28.87261,1.08602,1.18932,34.95131
76,RioRancheria    ,TramoPrincipal  ,435638          433071,782.3,3.128231,1.683353,0.9910144,1.003846,0.9930179,0.9901786,0.4902963,4.69E-01,7.11E-02,4.99E-02,5.348558,28.87864,1.08518,1.159428,35.09198
77,RioRancheria    ,TramoPrincipal  ,433071          431910,353.8,3.025987,1.646893,0.9834783,0.9953807,0.9853347,0.9827077,0.4863929,0.4660016,7.05E-02,4.92E-02,5.309814,28.645,1.075825,1.114714,34.83239
78,RioRancheria    ,TramoPrincipal  ,431910          429790,646.2001,2.995899,1.635112,0.9792874,0.9909421,0.9810975,0.9785393,0.4865631,4.67E-01,7.06E-02,4.94E-02,5.318654,28.64776,1.076374,1.102055,34.86326
79,RioRancheria    ,TramoPrincipal  ,429790          426509,1000,2.969854,1.635756,0.9854812,0.9970493,0.987267,0.9847466,0.4871529,4.67E-01,7.06E-02,4.94E-02,5.338696,28.65389,1.076857,1.086305,34.92971
80,RioRancheria    ,TramoPrincipal  ,426509          425296,369.7002,2.951731,1.641204,1.001141,1.012678,1.002911,1.000416,0.4851577,4.66E-01,7.04E-02,4.92E-02,5.323884,28.54093,1.072809,1.065612,34.82442
81,RioRancheria    ,TramoPrincipal  ,425296          423228,630.3001,2.949099,1.645205,1.011081,1.022718,1.012865,1.010351,0.4852959,4.65E-01,7.03E-02,4.92E-02,5.337452,28.48975,1.07137,1.045794,34.79915
82,RioRancheria    ,TramoPrincipal  ,423228          419948,1000,2.958663,1.649675,1.016745,1.028386,1.018551,1.016003,0.4881953,4.65E-01,7.03E-02,4.92E-02,5.411921,28.50333,1.072454,1.046034,34.81044
83,RioRancheria    ,TramoPrincipal  ,419948          416667,1000,2.737748,1.532834,0.9510761,0.9617001,0.9527308,0.9503948,0.4480372,4.27E-01,6.46E-02,4.50E-02,4.999,26.04258,0.9805437,0.9620795,32.09755
84,RioRancheria    ,TramoPrincipal  ,416667          413890,846.5,2.752654,1.543381,0.9579696,0.9686073,0.9596286,0.9572861,0.4494153,4.19E-01,6.39E-02,4.50E-02,5.033907,26.05222,0.9813265,0.9673167,31.75228
85,RioRancheria    ,TramoPrincipal  ,413890          410105,1153.5,2.770247,1.541862,0.950348,0.9610474,0.9520187,0.9496593,0.4523774,0.4091722,6.39E-02,4.51E-02,5.109279,26.07258,0.9829907,0.9799079,31.31683
86,RioRancheria    ,TramoPrincipal  ,410105          406824,1000,2.787508,1.532628,0.9281498,0.9389648,0.929833,0.9274551,0.4564497,4.01E-01,6.39E-02,4.52E-02,5.214206,26.10055,0.9855402,0.9993197,30.82059
87,RioRancheria    ,TramoPrincipal  ,406824          403543,1000,2.804848,1.535863,0.9281656,0.9389887,0.9298493,0.9274706,0.4595779,4.00E-01,6.39E-02,4.53E-02,5.296554,26.12305,0.9878253,1.011869,30.72055
88,RioRancheria    ,TramoPrincipal  ,403543          400262,1000,2.814402,1.543385,0.9327491,0.9436045,0.9344297,0.9320548,0.4622207,4.01E-01,6.39E-02,4.53E-02,5.367639,26.14414,0.9894921,1.01435,30.72937
89,RioRancheria    ,TramoPrincipal  ,400262          396982,1000,2.815943,1.554531,0.9464212,0.9572135,0.9480836,0.9457341,0.4645208,0.4013248,0.0639357,0.0452837,5.427141,26.16399,0.9899243,1.011822,30.77287
90,RioRancheria    ,TramoPrincipal  ,396982          393701,1000,2.801005,1.563368,0.9630445,0.9737575,0.9646875,0.962365,0.4663884,4.02E-01,6.39E-02,0.0451806,5.472748,26.18058,0.9893176,0.994807,30.82178
91,RioRancheria    ,TramoPrincipal  ,393701          390420,1000,2.790543,1.560656,0.9684322,0.9787666,0.9700107,0.9677786,0.4672282,0.4020137,6.40E-02,4.51E-02,5.552741,26.18288,0.9889084,0.9887002,30.91368
92,RioRancheria    ,TramoPrincipal  ,390420          389059,414.7999,2.632962,1.482689,0.9259406,0.9358156,0.9274479,0.9253162,0.4493991,3.85E-01,6.14E-02,4.33E-02,5.350974,25.20773,0.9495671,0.9237672,29.65058
93,RioRancheria    ,TramoPrincipal  ,389059          387139,585.2001,2.596414,1.466124,0.9179859,0.9276056,0.919454,0.9173772,0.4488031,3.85E-01,6.14E-02,4.31E-02,5.377558,25.09756,0.9448122,0.9064173,29.67981
94,RioRancheria    ,TramoPrincipal  ,387139          384459,816.8,2.564811,1.459545,0.9255417,0.9348859,0.9269697,0.9249489,0.4473786,3.86E-01,6.15E-02,4.30E-02,5.417312,25.05123,0.9420303,0.8859245,29.74991
95,RioRancheria    ,TramoPrincipal  ,384459          380577,1183.2,2.518557,1.441731,0.9224346,0.9316175,0.9238397,0.921851,0.4441958,3.87E-01,6.16E-02,4.29E-02,5.459072,25.05053,0.9393075,0.8631644,29.83512
96,RioRancheria    ,TramoPrincipal  ,380577          377297,1000,2.471309,1.419996,0.9137221,0.9227308,0.915103,0.9131481,0.441211,3.87E-01,6.17E-02,0.0427726,5.491792,25.05045,0.9364079,0.8422216,29.91752
97,RioRancheria    ,TramoPrincipal  ,377297          374016,1000,2.431707,1.404837,0.910675,0.9194096,0.9120176,0.9101167,0.4393615,3.88E-01,6.18E-02,4.26E-02,5.517368,25.05044,0.9331666,0.8216632,30.01009
98,RioRancheria    ,TramoPrincipal  ,374016          370735,1000,2.395493,1.3943,0.9123738,0.9209049,0.9136875,0.9118273,0.438612,3.89E-01,6.18E-02,4.25E-02,5.539211,25.05133,0.9294239,0.8000132,30.12235
99,RioRancheria    ,TramoPrincipal  ,370735          367454,1000,2.335461,1.367765,0.9023855,0.9107142,0.9036705,0.9018509,0.4383169,3.91E-01,6.20E-02,4.23E-02,5.566712,25.05295,0.9243372,0.7723361,30.27386
100,RioRancheria    ,TramoPrincipal  ,367454          364173,1000,2.244316,1.323578,0.8807004,0.8886672,0.8819304,0.8801891,0.4374993,3.94E-01,6.22E-02,4.20E-02,5.600301,25.04013,0.9184622,0.7345231,30.50716
101,RioRancheria    ,TramoPrincipal  ,364173          360892,1000,2.167708,1.293292,0.8725598,0.8801263,0.8737286,0.8720738,0.435773,3.97E-01,6.24E-02,4.18E-02,5.62366,24.99121,0.914917,0.6973836,30.77678
102,RioRancheria    ,TramoPrincipal  ,360892          357612,1000,2.093731,1.261621,0.860961,0.8681564,0.8620781,0.8604955,0.4332187,4.01E-01,6.26E-02,4.16E-02,5.639749,24.94377,0.9125956,0.6636208,31.04551
103,RioRancheria    ,TramoPrincipal  ,357612          354331,1000,1.946722,1.189283,0.8255215,0.8322381,0.8265767,0.8250825,0.4271918,4.07E-01,6.30E-02,4.14E-02,5.665583,24.90685,0.908032,0.6052139,31.54649
104,RioRancheria    ,TramoPrincipal  ,354331          351050,1000,1.715357,1.066317,0.7418541,0.7472032,0.7426873,0.7415093,0.4156109,4.18E-01,6.36E-02,4.09E-02,5.669858,24.88609,0.895745,0.521109,32.38125
105,RioRancheria    ,TramoPrincipal  ,351050          347769,1000,1.591887,1.020797,0.7423871,0.7476529,0.7432064,0.7420482,0.4055412,4.28E-01,6.41E-02,4.04E-02,5.66643,24.84415,0.8828138,0.4598922,33.03379
106,RioRancheria    ,TramoPrincipal  ,347769          344488,1000,1.537403,1.006438,0.7480749,0.7528951,0.7488157,0.7477703,0.3997491,4.33E-01,6.44E-02,4.00E-02,5.656679,24.80939,0.8749186,0.4278478,33.37789
107,RioRancheria    ,TramoPrincipal  ,344488          341207,1000,1.494574,1.000394,0.7589397,0.7634056,0.7596166,0.7586609,0.394183,4.39E-01,6.47E-02,3.97E-02,5.639759,24.76958,0.8672087,0.3988937,33.69359
108,RioRancheria    ,TramoPrincipal  ,341207          337927,1000,1.465631,1.005709,0.7810277,0.7851616,0.7816606,0.7807641,0.3885471,4.44E-01,6.50E-02,3.93E-02,5.614858,24.7247,0.8594294,0.3712654,34.02498
109,RioRancheria    ,TramoPrincipal  ,337927          334646,1000,1.43656,1.009968,0.8012954,0.8051357,0.8018984,0.8010436,0.3826084,0.4495123,6.52E-02,3.90E-02,5.586934,24.67465,0.8513836,0.3441965,34.36647
110,RioRancheria    ,TramoPrincipal  ,334646          331365,1000,1.406671,1.022156,0.8322245,0.8357584,0.8327891,0.8319899,0.3753051,4.56E-01,6.56E-02,3.85E-02,5.55099,24.61184,0.8418061,0.3133313,34.75324
111,RioRancheria    ,TramoPrincipal  ,331365          328084,1000,1.413902,1.062207,0.890245,0.8934961,0.8907674,0.8900285,0.3670135,4.64E-01,6.60E-02,0.0380593,5.504562,24.5405,0.8314875,0.2811864,35.16866
112,RioRancheria    ,TramoPrincipal  ,328084          324803,1000,1.416115,1.113632,0.9690209,0.9718407,0.9694722,0.9688336,0.3584393,4.71E-01,6.63E-02,3.76E-02,5.460058,24.46594,0.821456,0.2515756,35.54761
113,RioRancheria    ,TramoPrincipal  ,324803          321522,1000,1.37927,1.101858,0.9686726,0.9714298,0.9691134,0.9684897,0.3481162,0.4793028,6.68E-02,3.71E-02,5.422232,24.37249,0.8100793,0.2206002,35.91549
114,RioRancheria    ,TramoPrincipal  ,321522          318241,1000,1.312835,1.066033,0.9502878,0.9525043,0.9506338,0.9501435,0.3375937,4.87E-01,6.72E-02,3.66E-02,5.403144,24.27147,0.7987641,0.1932955,36.21571
115,RioRancheria    ,TramoPrincipal  ,318241          314961,1000,1.271527,1.048226,0.9512169,0.9533042,0.9515377,0.9510829,0.3285416,4.94E-01,6.76E-02,3.62E-02,5.394455,24.18221,0.7886681,0.1721404,36.43738
116,RioRancheria    ,TramoPrincipal  ,314961          311680,1000,1.248371,1.049202,0.9617444,0.9637068,0.9620427,0.9616199,0.3208413,4.99E-01,6.79E-02,3.58E-02,5.390679,24.1101,0.7791311,0.1551289,36.60265
117,RioRancheria    ,TramoPrincipal  ,311680          308399,1000,1.226586,1.046065,0.9646792,0.9664307,0.9649472,0.9645675,0.3153198,5.03E-01,6.81E-02,3.55E-02,5.391772,24.06478,0.7710319,0.1426132,36.70951
118,RioRancheria    ,TramoPrincipal  ,308399          305118,1000,1.177603,1.017738,0.9433693,0.9449832,0.9436184,0.9432656,0.309874,5.08E-01,6.84E-02,3.50E-02,5.404086,24.04468,0.7611145,0.128995,36.80429
119,RioRancheria    ,TramoPrincipal  ,305118          301837,1000,1.099692,0.9612852,0.894205,0.8955863,0.8944198,0.8941156,0.3076499,5.14E-01,6.87E-02,3.46E-02,5.426985,24.05087,0.7529529,0.1158512,36.90104
120,RioRancheria    ,TramoPrincipal  ,301837          298556,1000,1.100286,0.96582,0.9003308,0.9016531,0.9005367,0.9002451,0.3077528,5.17E-01,6.89E-02,3.45E-02,5.440212,24.07139,0.7515456,0.1085483,36.99688
121,RioRancheria    ,TramoPrincipal  ,298556          295276,1000,1.118998,0.9871347,0.9231218,0.9243831,0.9233181,0.9230402,0.3090378,5.19E-01,6.90E-02,0.0344655,5.449595,24.0931,0.7517867,0.1052742,37.07785
122,RioRancheria    ,TramoPrincipal  ,295276          291995,1000,1.131639,1.00081,0.9376509,0.9388669,0.93784,0.9375725,0.3113741,0.5188935,6.90E-02,3.45E-02,5.465667,24.11534,0.7537168,0.1046368,37.13922
123,RioRancheria    ,TramoPrincipal  ,291995          288714,1000,1.142316,1.009566,0.9452587,0.9464589,0.9454455,0.9451817,0.313845,0.518044,6.90E-02,3.46E-02,5.484276,24.13372,0.75631,0.1047381,37.16344
124,RioRancheria    ,TramoPrincipal  ,288714          285433,1000,1.136697,1.003199,0.9381838,0.9393834,0.9383706,0.9381068,0.3161411,0.5152562,6.89E-02,3.48E-02,5.505822,24.14935,0.7587442,0.1059101,37.16365
125,RioRancheria    ,TramoPrincipal  ,285433          282152,1000,1.135791,0.9984058,0.931367,0.9325832,0.9315563,0.9312891,0.318808,5.11E-01,6.88E-02,3.49E-02,5.531484,24.16742,0.7614065,0.1081912,37.15915
126,RioRancheria    ,TramoPrincipal  ,282152          278871,1000,1.144871,1.005835,0.9378835,0.9391096,0.9380744,0.937805,0.3215919,5.06E-01,6.88E-02,3.50E-02,5.555459,24.18708,0.7639353,0.1109631,37.15451
127,RioRancheria    ,TramoPrincipal  ,278871          275591,1000,1.153739,1.012348,0.9432973,0.9445383,0.9434904,0.9432179,0.324118,5.02E-01,6.87E-02,3.51E-02,5.577208,24.20592,0.7659714,0.1135139,37.15102
128,RioRancheria    ,TramoPrincipal  ,275591          272310,1000,1.159783,1.015735,0.9458324,0.9470844,0.9460268,0.9457524,0.3264983,4.99E-01,6.86E-02,3.52E-02,5.597772,24.22454,0.7676228,0.1156668,37.1506
129,RioRancheria    ,TramoPrincipal  ,272310          269029,1000,1.164232,1.016848,0.9465178,0.9477715,0.9467123,0.9464377,0.3287536,4.98E-01,6.86E-02,0.0351826,5.617003,24.24297,0.7688206,0.1170304,37.16665
130,RioRancheria    ,TramoPrincipal  ,269029          265748,1000,1.176398,1.029802,0.9598554,0.9610931,0.9600464,0.9597766,0.3303226,4.98E-01,6.87E-02,3.52E-02,5.62863,24.2561,0.7691111,0.1171024,37.21024
131,RioRancheria    ,TramoPrincipal  ,265748          262467,1000,1.165394,1.020121,0.9486187,0.949811,0.9488021,0.9485427,0.3308111,4.99E-01,6.87E-02,3.51E-02,5.640659,24.26016,0.7689188,0.1163548,37.2697
132,RioRancheria    ,TramoPrincipal  ,262467          259186,1000,1.153381,1.015271,0.9486484,0.9498334,0.9488305,0.9485729,0.3307,5.01E-01,6.88E-02,3.50E-02,5.652545,24.25905,0.7673194,0.113758,37.3308
133,RioRancheria    ,TramoPrincipal  ,259186          255906,1000,1.161585,1.026817,0.9618662,0.9629924,0.9620391,0.9617944,0.329994,5.02E-01,6.89E-02,3.49E-02,5.655504,24.25417,0.764964,0.110592,37.37519
134,RioRancheria    ,TramoPrincipal  ,255906          252625,1000,1.154995,1.021583,0.9578827,0.9589924,0.9580532,0.957812,0.3291599,5.03E-01,6.89E-02,3.48E-02,5.660642,24.24886,0.7627737,0.1080429,37.40025
135,RioRancheria    ,TramoPrincipal  ,252625          249344,1000,1.153595,1.022898,0.9602957,0.9613905,0.9604639,0.9602259,0.3281412,5.03E-01,6.90E-02,3.47E-02,5.664579,24.24255,0.7603192,0.1053346,37.4229
136,RioRancheria    ,TramoPrincipal  ,249344          246063,1000,1.161323,1.034648,0.973583,0.9746563,0.9737479,0.9735145,0.3266484,5.04E-01,6.91E-02,3.46E-02,5.664735,24.23337,0.7568973,0.1016911,37.45016
137,RioRancheria    ,TramoPrincipal  ,246063          242782,1000,1.160784,1.038533,0.9804896,0.9815128,0.9806469,0.9804242,0.3249616,5.06E-01,6.92E-02,3.44E-02,5.665312,24.2219,0.7531893,0.0978547,37.47813
138,RioRancheria    ,TramoPrincipal  ,242782          239501,1000,1.135151,1.017323,0.9605566,0.9615569,0.9607104,0.9604926,0.3230679,5.08E-01,6.93E-02,3.42E-02,5.671908,24.20707,7.49E-01,9.38E-02,37.50951
139,RioRancheria    ,TramoPrincipal  ,239501          236220,1000,1.10436,0.9966225,0.9440981,0.9450192,0.94424,0.944039,0.3206809,5.10E-01,6.95E-02,3.40E-02,5.672056,24.1847,7.45E-01,8.89E-02,37.56503
140,RioRancheria    ,TramoPrincipal  ,236220          232940,1000,1.118408,1.01371,0.9625437,0.9634395,0.9626818,0.9624863,0.3184652,5.13E-01,6.96E-02,3.39E-02,5.666329,24.16239,0.740785,0.0845312,37.6372
141,RioRancheria    ,TramoPrincipal  ,232940          229659,1000,1.136184,1.036744,0.9876707,0.9885284,0.9878031,0.9876156,0.3162818,5.16E-01,6.98E-02,0.0336933,5.651967,24.14063,7.38E-01,8.06E-02,37.717
142,RioRancheria    ,TramoPrincipal  ,229659          226378,1000,1.156714,1.060128,1.014232,1.015035,1.014356,1.01418,0.3129489,0.5200157,7.00E-02,3.35E-02,5.626384,24.11026,7.33E-01,7.54E-02,37.84319
143,RioRancheria    ,TramoPrincipal  ,226378          223097,1000,1.155878,1.06783,1.025315,1.026065,1.025431,1.025267,0.3081656,5.26E-01,7.03E-02,3.32E-02,5.595152,24.074,7.28E-01,6.91E-02,38.01991
144,RioRancheria    ,TramoPrincipal  ,223097          219816,1000,1.159598,1.083981,1.047168,1.047829,1.04727,1.047125,0.3027315,5.31E-01,7.07E-02,3.30E-02,5.56066,24.04153,7.22E-01,6.31E-02,38.199
145,RioRancheria    ,TramoPrincipal  ,219816          216535,1000,1.151913,1.080372,1.045404,1.046038,1.045503,1.045363,0.2974491,5.37E-01,7.10E-02,3.27E-02,5.533257,24.01546,7.16E-01,5.79E-02,38.35564
146,RioRancheria    ,TramoPrincipal  ,216535          213255,1000,1.140664,1.073238,1.042382,1.04295,1.042471,1.042346,0.2919268,5.42E-01,7.13E-02,3.24E-02,5.507617,23.99085,7.10E-01,5.32E-02,38.50152
147,RioRancheria    ,TramoPrincipal  ,213255          209974,1000,1.136128,1.073227,1.045919,1.046426,1.045998,1.045886,0.2849478,5.49E-01,7.16E-02,3.21E-02,5.475984,23.9593,7.02E-01,4.77E-02,38.66054
148,RioRancheria    ,TramoPrincipal  ,209974          206693,1000,1.104194,1.051349,1.026594,1.027059,1.026667,1.026564,0.2747738,5.59E-01,7.22E-02,3.15E-02,5.439919,23.90611,6.89E-01,4.07E-02,38.86918
149,RioRancheria    ,TramoPrincipal  ,206693          203412,1000,1.060387,1.02011,1.000733,1.001104,1.00079,1.000709,0.263514,5.69E-01,7.27E-02,3.09E-02,5.406573,23.83163,0.6736349,0.0339582,39.06936
150,RioRancheria    ,TramoPrincipal  ,203412          200131,1000,1.068517,1.031026,1.012959,1.013307,1.013014,1.012937,0.2545814,5.77E-01,7.32E-02,3.03E-02,5.374527,23.76125,0.6615243,0.029206,39.18555
151,RioRancheria    ,TramoPrincipal  ,200131          196850,1000,1.081269,1.048918,1.033221,1.033526,1.033268,1.033201,0.2479961,5.83E-01,7.35E-02,2.99E-02,5.352036,23.70331,6.53E-01,2.61E-02,39.25523
152,RioRancheria    ,TramoPrincipal  ,196850          193570,1000,1.070639,1.041412,1.027135,1.027415,1.027179,1.027117,0.2405768,5.89E-01,7.38E-02,2.95E-02,5.334008,23.6335,6.43E-01,2.29E-02,39.3359
153,RioRancheria    ,TramoPrincipal  ,193570          190289,1000,1.051468,1.027028,1.014906,1.015148,1.014944,1.014891,0.2305548,5.97E-01,7.43E-02,2.89E-02,5.314018,23.5336,6.30E-01,1.91E-02,39.43789
154,RioRancheria    ,TramoPrincipal  ,190289          187008,1000,1.016037,0.9960611,0.9857992,0.9860072,0.9858318,0.9857857,0.2208187,6.04E-01,7.48E-02,2.84E-02,5.305925,23.4344,6.17E-01,1.59E-02,39.54414
155,RioRancheria    ,TramoPrincipal  ,187008          183727,1000,1.003391,0.9864283,0.9778748,0.9780523,0.9779026,0.9778633,0.2133504,6.09E-01,7.51E-02,2.79E-02,5.300465,23.36095,6.07E-01,1.37E-02,39.61559
156,RioRancheria    ,TramoPrincipal  ,183727          180446,1000,0.9994907,0.984706,0.9763847,0.976558,0.9764118,0.9763734,0.2071969,6.13E-01,7.54E-02,2.76E-02,5.298186,23.30608,5.98E-01,1.19E-02,39.66974
157,RioRancheria    ,TramoPrincipal  ,180446          177165,1000,0.9558802,0.943952,0.937719,0.9378537,0.93774,0.9377102,0.2018886,6.17E-01,7.57E-02,2.72E-02,5.303307,23.27009,5.90E-01,1.05E-02,39.73664
158,RioRancheria    ,TramoPrincipal  ,177165          173885,1000,0.9560673,0.9447768,0.938926,0.939053,0.9389457,0.9389178,0.1985965,0.6209654,7.59E-02,2.69E-02,5.302322,23.26156,5.83E-01,9.41E-03,39.76927
159,RioRancheria    ,TramoPrincipal  ,173885          170604,1000,0.9582007,0.9475399,0.9421093,0.942227,0.9421276,0.9421017,0.1969348,6.24E-01,7.61E-02,2.67E-02,5.300919,23.26179,5.79E-01,8.69E-03,39.78639
160,RioRancheria    ,TramoPrincipal  ,170604          167323,1000,0.9895658,0.9793916,0.9743098,0.9744191,0.9743267,0.9743028,0.1964105,6.27E-01,7.62E-02,2.66E-02,5.292758,23.26585,5.77E-01,8.09E-03,39.77709
161,RioRancheria    ,TramoPrincipal  ,167323          164042,1000,1.11268,1.102959,1.098168,1.098267,1.098183,1.098161,0.196431,6.29E-01,7.63E-02,2.65E-02,5.263393,23.27417,5.76E-01,7.68E-03,39.69514
162,RioRancheria    ,TramoPrincipal  ,164042          160761,1000,1.085002,1.075433,1.070729,1.070825,1.070744,1.070723,0.1968541,6.30E-01,7.64E-02,0.0264846,5.268887,23.28646,5.76E-01,7.41E-03,39.71191
163,RioRancheria    ,TramoPrincipal  ,160761          157480,1000,1.030578,1.021132,1.016486,1.016577,1.0165,1.01648,0.1983566,6.31E-01,7.64E-02,2.65E-02,5.281851,23.30524,5.77E-01,7.36E-03,39.74617
164,RioRancheria    ,TramoPrincipal  ,157480          154199,1000,0.9919534,0.9824983,0.9778325,0.9779207,0.9778462,0.9778268,0.2008817,6.29E-01,7.63E-02,2.67E-02,5.293017,23.32705,5.80E-01,7.42E-03,39.76583
165,RioRancheria    ,TramoPrincipal  ,154199          150919,1000,0.9560942,0.9463759,0.9416068,0.9416932,0.9416202,0.9416013,0.2039825,6.25E-01,7.63E-02,2.68E-02,5.310653,23.35037,5.84E-01,7.65E-03,39.76555
166,RioRancheria    ,TramoPrincipal  ,150919          147638,1000,0.9655932,0.9558068,0.9510143,0.9511005,0.9510278,0.9510089,0.2064193,6.21E-01,7.62E-02,2.69E-02,5.31073,23.36826,5.86E-01,7.87E-03,39.74723
167,RioRancheria    ,TramoPrincipal  ,147638          144357,1000,0.9833534,0.9735001,0.96869,0.9687758,0.9687033,0.9686845,0.2076436,6.20E-01,7.62E-02,2.70E-02,5.309872,23.37741,5.87E-01,7.98E-03,39.72166
168,RioRancheria    ,TramoPrincipal  ,144357          141076,1000,1.002331,0.9924033,0.9875736,0.9876592,0.9875868,0.9875681,0.2088161,6.19E-01,7.62E-02,0.0269941,5.308758,23.3864,5.88E-01,8.09E-03,39.69164
169,RioRancheria    ,TramoPrincipal  ,141076          137795,1000,1.044556,1.034577,1.029771,1.029856,1.029784,1.029766,0.2099725,6.19E-01,7.62E-02,2.70E-02,5.304348,23.39574,5.89E-01,8.15E-03,39.64272
170,RioRancheria    ,TramoPrincipal  ,137795          134514,1000,1.043269,1.033279,1.028485,1.028569,1.028498,1.02848,0.2104975,6.19E-01,7.62E-02,2.70E-02,5.305952,23.40045,5.89E-01,8.17E-03,39.63883
171,RioRancheria    ,TramoPrincipal  ,134514          131234,1000,1.039571,1.029617,1.024875,1.024958,1.024887,1.024869,0.2106141,6.19E-01,7.62E-02,2.70E-02,5.308349,23.40211,5.89E-01,8.17E-03,39.64149
172,RioRancheria    ,TramoPrincipal  ,131234          127953,1000,1.038827,1.028881,1.02415,1.024233,1.024163,1.024145,0.2105702,6.20E-01,7.63E-02,2.69E-02,5.309203,23.40215,5.88E-01,8.10E-03,39.64855
173,RioRancheria    ,TramoPrincipal  ,127953          124672,1000,0.998243,0.9884403,0.9838418,0.9839222,0.9838542,0.9838367,0.2100327,6.21E-01,7.63E-02,2.68E-02,5.319207,23.39975,5.85E-01,7.89E-03,39.69487
174,RioRancheria    ,TramoPrincipal  ,124672          121391,1000,0.9407244,0.9312465,0.9268538,0.9269307,0.9268656,0.9268489,0.2087017,6.22E-01,7.64E-02,2.66E-02,5.33204,23.39116,5.81E-01,7.52E-03,39.75933
175,RioRancheria    ,TramoPrincipal  ,121391          118110,1000,0.9007178,0.8915653,0.8873488,0.8874226,0.8873602,0.8873441,0.2068498,6.24E-01,7.65E-02,2.64E-02,5.343211,23.3756,5.77E-01,7.07E-03,39.80741
176,RioRancheria    ,TramoPrincipal  ,118110          114829,1000,0.877478,0.8694409,0.8656829,0.8657489,0.8656931,0.8656787,0.2045034,6.27E-01,7.67E-02,0.0262196,5.343973,23.35279,5.72E-01,6.57E-03,39.84216
177,RioRancheria    ,TramoPrincipal  ,114829          111549,1000,0.8983459,0.8879766,0.8843752,0.8844385,0.884385,0.8843712,0.2013073,6.31E-01,7.69E-02,2.60E-02,5.338392,23.32235,5.66E-01,5.98E-03,39.85191
178,RioRancheria    ,TramoPrincipal  ,111549          108268,1000,0.8982579,0.8921691,0.8890392,0.8890945,0.8890477,0.8890356,0.1976782,6.35E-01,7.72E-02,2.57E-02,5.331285,23.29278,5.60E-01,5.42E-03,39.8802
179,RioRancheria    ,TramoPrincipal  ,108268          104987,1000,0.891109,0.8859831,0.8830033,0.8830562,0.8830115,0.8829999,0.1942926,6.39E-01,7.75E-02,2.55E-02,5.326542,23.27063,5.56E-01,4.98E-03,39.91984
180,RioRancheria    ,TramoPrincipal  ,104987          101706,1000,0.8725985,0.8681549,0.8654063,0.8654553,0.8654139,0.8654032,0.1899445,0.6437607,7.78E-02,2.52E-02,5.321736,23.247,5.50E-01,4.49E-03,39.97458
181,RioRancheria    ,TramoPrincipal  ,101706          98425,1000,0.8337017,0.8297943,0.8276203,0.8276597,0.8276265,0.8276178,0.1830936,6.51E-01,7.83E-02,2.48E-02,5.317072,23.21622,5.40E-01,3.82E-03,40.0563
182,RioRancheria    ,TramoPrincipal  ,98425           95144,1000,0.8345926,0.8307148,0.8285885,0.8286272,0.8285946,0.828586,0.1757488,6.58E-01,7.88E-02,2.43E-02,5.312265,23.18304,5.30E-01,3.20E-03,40.06942
183,RioRancheria    ,TramoPrincipal  ,95144           91864,1000,0.8527821,0.8492313,0.8474528,0.8474856,0.8474579,0.8474507,0.1698247,6.64E-01,7.91E-02,2.40E-02,5.304055,23.15067,5.21E-01,2.77E-03,40.06035
184,RioRancheria    ,TramoPrincipal  ,91864           88583,1000,0.864108,0.8612822,0.8598832,0.8599096,0.8598874,0.8598816,0.163509,6.69E-01,7.95E-02,2.35E-02,5.303345,23.108,5.11E-01,2.36E-03,40.04107
185,RioRancheria    ,TramoPrincipal  ,88583           85302,1000,0.8467379,0.8445307,0.8434168,0.8434381,0.8434201,0.8434154,0.1545933,6.76E-01,8.00E-02,2.29E-02,5.310809,23.03121,4.97E-01,1.87E-03,40.04118
186,RioRancheria    ,TramoPrincipal  ,85302           82021,1000,0.8570267,0.8551528,0.8541922,0.8542109,0.8541951,0.8541909,0.1450178,6.83E-01,8.06E-02,2.22E-02,5.314249,22.93085,4.82E-01,1.43E-03,40.01933
187,RioRancheria    ,TramoPrincipal  ,82021           78740,1000,0.9049987,0.9034409,0.9026244,0.9026406,0.9026269,0.9026234,0.1377701,6.87E-01,8.10E-02,0.0216944,5.311,22.84944,4.70E-01,1.15E-03,39.97052
188,RioRancheria    ,TramoPrincipal  ,78740           75459,1000,0.9204739,0.9192085,0.9185337,0.9185473,0.9185358,0.9185328,0.1333188,6.89E-01,8.12E-02,2.14E-02,5.312319,22.80155,4.62E-01,9.88E-04,39.94418
189,RioRancheria    ,TramoPrincipal  ,75459           72178,1000,0.9058505,0.9047133,0.9041018,0.9041142,0.9041038,0.904101,0.1291501,0.6920663,8.15E-02,2.10E-02,5.319906,22.76063,4.55E-01,8.49E-04,39.94798
190,RioRancheria    ,TramoPrincipal  ,72178           68898,1000,0.8807916,0.8798756,0.8793844,0.8793945,0.879386,0.8793837,0.1250961,6.95E-01,8.17E-02,2.07E-02,5.333197,22.73163,4.47E-01,7.15E-04,39.95234
191,RioRancheria    ,TramoPrincipal  ,68898           65617,1000,0.9101242,0.9092618,0.9088008,0.9088104,0.9088023,0.9088002,0.1229075,6.98E-01,8.19E-02,2.05E-02,5.32853,22.72598,4.42E-01,6.34E-04,39.92558
192,RioRancheria    ,TramoPrincipal  ,65617           62336,1000,0.9374999,0.9367018,0.9362788,0.9362876,0.9362801,0.9362782,0.1217246,0.7000185,8.20E-02,2.03E-02,5.324493,22.726,4.39E-01,5.79E-04,39.8979
193,RioRancheria    ,TramoPrincipal  ,62336           59055,1000,0.9470275,0.9462907,0.9459052,0.9459132,0.9459065,0.9459047,0.1211695,7.02E-01,8.21E-02,2.02E-02,5.323805,22.7281,4.37E-01,5.32E-04,39.88302
194,RioRancheria    ,TramoPrincipal  ,59055           55774,1000,0.9632446,0.9625508,0.9621929,0.9622003,0.962194,0.9621924,0.1211428,7.04E-01,8.22E-02,0.0201831,5.320529,22.73336,4.36E-01,5.00E-04,39.86791
195,RioRancheria    ,TramoPrincipal  ,55774           52493,1000,1.010784,1.01012,1.009782,1.009789,1.009783,1.009782,0.1211773,7.05E-01,8.22E-02,2.02E-02,5.308867,22.74057,4.36E-01,4.81E-04,39.83295
196,RioRancheria    ,TramoPrincipal  ,52493           49213,1000,1.066054,1.065415,1.065095,1.065102,1.065096,1.065095,0.1215084,7.05E-01,8.23E-02,2.02E-02,5.297233,22.74973,4.37E-01,4.70E-04,39.79442
197,RioRancheria    ,TramoPrincipal  ,49213           45932,1000,1.067605,1.066971,1.066654,1.06666,1.066655,1.066653,0.1221507,7.05E-01,8.23E-02,2.02E-02,5.293845,22.75954,4.37E-01,4.68E-04,39.79379
198,RioRancheria    ,TramoPrincipal  ,45932           42651,1000,1.091675,1.091059,1.090755,1.090761,1.090756,1.090755,0.1229951,7.05E-01,8.23E-02,2.02E-02,5.286446,22.76912,4.38E-01,4.68E-04,39.77946
199,RioRancheria    ,TramoPrincipal  ,42651           39370,1000,1.104159,1.103546,1.103248,1.103254,1.103249,1.103248,0.1240432,7.05E-01,8.23E-02,2.03E-02,5.280329,22.77905,4.39E-01,4.71E-04,39.77483
200,RioRancheria    ,TramoPrincipal  ,39370           36089,1000,1.083678,1.083061,1.082764,1.08277,1.082765,1.082764,0.1254547,7.03E-01,8.23E-02,2.04E-02,5.283242,22.79091,4.41E-01,4.79E-04,39.79124
201,RioRancheria    ,TramoPrincipal  ,36089           32808,1000,1.04808,1.047447,1.047151,1.047157,1.047152,1.047151,0.1269729,7.02E-01,8.22E-02,2.04E-02,5.287539,22.80287,4.43E-01,4.91E-04,39.82787
202,RioRancheria    ,TramoPrincipal  ,32808           29528,1000,1.059752,1.059114,1.058818,1.058823,1.058819,1.058818,0.1280902,7.01E-01,8.22E-02,2.05E-02,5.283942,22.81172,4.44E-01,5.00E-04,39.82232
203,RioRancheria    ,TramoPrincipal  ,29528           26247,1000,1.130939,1.130294,1.130001,1.130006,1.130002,1.13,0.1286817,7.00E-01,8.22E-02,2.05E-02,5.265693,22.81665,4.45E-01,5.03E-04,39.77485
204,RioRancheria    ,TramoPrincipal  ,26247           22966,1000,1.11538,1.114728,1.114435,1.11444,1.114436,1.114434,0.1290758,7.00E-01,8.22E-02,2.05E-02,5.267957,22.82071,4.45E-01,5.06E-04,39.79026
205,RioRancheria    ,TramoPrincipal  ,22966           19685,1000,1.064984,1.064352,1.064069,1.064074,1.06407,1.064068,0.1291038,7.01E-01,8.22E-02,2.04E-02,5.274576,22.82179,4.44E-01,5.06E-04,39.84303
206,RioRancheria    ,TramoPrincipal  ,19685           16404,1000,1.066847,1.066231,1.065954,1.065959,1.065955,1.065954,0.1288584,7.01E-01,8.23E-02,2.04E-02,5.272641,22.82127,4.42E-01,4.99E-04,39.87582
207,RioRancheria    ,TramoPrincipal  ,16404           13123,1000,1.065698,1.065096,1.064824,1.064829,1.064825,1.064824,0.1283958,7.02E-01,8.23E-02,2.03E-02,5.270539,22.81765,4.41E-01,4.87E-04,39.9039
208,RioRancheria    ,TramoPrincipal  ,13123           9843,1000,1.044073,1.043492,1.043227,1.043232,1.043228,1.043227,0.127497,7.04E-01,8.24E-02,2.02E-02,5.272975,22.80924,4.38E-01,4.66E-04,39.95117
209,RioRancheria    ,TramoPrincipal  ,9843            6562,1000,0.9835253,0.9830122,0.9827686,0.9827728,0.9827693,0.9827683,0.1265554,7.05E-01,8.25E-02,2.00E-02,5.281907,22.79847,4.35E-01,4.45E-04,40.04834
210,RioRancheria    ,TramoPrincipal  ,6562            3281,1000,0.9947649,0.9942731,0.9940366,0.9940408,0.9940373,0.9940364,0.1248279,7.07E-01,8.26E-02,1.99E-02,5.278161,22.78113,4.31E-01,4.12E-04,40.07789
211,RioRancheria    ,TramoPrincipal  ,3281            DS Boundary,0,0.9946781,0.9941866,0.9939495,0.9939536,0.9939501,0.9939492,0.1248507,7.07E-01,8.26E-02,1.99E-02,5.277052,22.7807,4.31E-01,4.12E-04,40.09969
